{
  "Total" : {
    "transaction" : "Total",
    "sampleCount" : 100,
    "errorCount" : 100,
    "errorPct" : 100.0,
    "meanResTime" : 3.1400000000000006,
    "medianResTime" : 2.0,
    "minResTime" : 1.0,
    "maxResTime" : 36.0,
    "pct1ResTime" : 4.0,
    "pct2ResTime" : 5.949999999999989,
    "pct3ResTime" : 35.78999999999989,
    "throughput" : 22.49212775528565,
    "receivedKBytesPerSec" : 13.464525697255961,
    "sentKBytesPerSec" : 4.7883631354026095
  },
  "HTTP Request" : {
    "transaction" : "HTTP Request",
    "sampleCount" : 100,
    "errorCount" : 100,
    "errorPct" : 100.0,
    "meanResTime" : 3.1400000000000006,
    "medianResTime" : 2.0,
    "minResTime" : 1.0,
    "maxResTime" : 36.0,
    "pct1ResTime" : 4.0,
    "pct2ResTime" : 5.949999999999989,
    "pct3ResTime" : 35.78999999999989,
    "throughput" : 22.49212775528565,
    "receivedKBytesPerSec" : 13.464525697255961,
    "sentKBytesPerSec" : 4.7883631354026095
  }
}